INSERT INTO seats (seat_id, table_name, seat_number) VALUES
    (1,  'Aurora', 1),
    (2,  'Aurora', 2),
    (3,  'Aurora', 3),
    (4,  'Aurora', 4),
    (5,  'Aurora', 5),
    (6,  'Ember', 1),
    (7,  'Ember', 2),
    (8,  'Ember', 3),
    (9,  'Ember', 4),
    (10, 'Ember', 5),
    (11, 'Garden', 1),
    (12, 'Garden', 2),
    (13, 'Garden', 3),
    (14, 'Garden', 4),
    (15, 'Garden', 5),
    (16, 'Harbour', 1),
    (17, 'Harbour', 2),
    (18, 'Harbour', 3),
    (19, 'Harbour', 4),
    (20, 'Harbour', 5);

INSERT INTO guests (guest_id, guest_name, city, dietary_preference, seat_id) VALUES
    (1,  'Ada',      'Berlin',    'vegetarian', 1),
    (2,  'Linus',    'Hamburg',   'omnivore',   2),
    (3,  'Grace',    'Cologne',   'vegan',      3),
    (4,  'Alan',     'Munich',    'omnivore',   4),
    (5,  'Katherine','Berlin',    'vegetarian', 5),
    (6,  'Edsger',   'Leipzig',   'omnivore',   6),
    (7,  'Margaret', 'Hamburg',   'vegetarian', 7),
    (8,  'Donald',   'Bremen',    'omnivore',   8),
    (9,  'Radia',    'Berlin',    'vegan',      9),
    (10, 'Tim',      'Cologne',   'omnivore',  10),
    (11, 'Barbara',  'Dresden',   'vegetarian',11),
    (12, 'Guido',    'Berlin',    'omnivore',  12),
    (13, 'Frances',  'Frankfurt', 'vegan',     13),
    (14, 'James',    'Hamburg',   'omnivore',  14),
    (15, 'Mary',     'Munich',    'vegetarian',15),
    (16, 'Ken',      'Stuttgart', 'omnivore',  16),
    (17, 'Anita',    'Berlin',    'vegetarian',17),
    (18, 'Dennis',   'Cologne',   'omnivore',  18),
    (19, 'Hedy',     'Leipzig',   'vegan',     19),
    (20, 'Claude',   'Berlin',    'omnivore',  20);

INSERT INTO dishes (dish_id, dish_name, category, price, vegetarian) VALUES
    (1,  'Roasted Tomato Soup',     'starter',  8.50, 1),
    (2,  'Smoked Salmon Tartare',   'starter', 12.50, 0),
    (3,  'Garden Herb Salad',       'starter',  9.00, 1),
    (4,  'Wild Mushroom Risotto',   'main',    19.50, 1),
    (5,  'Braised Beef Cheeks',     'main',    24.00, 0),
    (6,  'Lemon Herb Chicken',      'main',    21.00, 0),
    (7,  'Aubergine Wellington',    'main',    22.00, 1),
    (8,  'Truffle Potato Gnocchi',  'main',    18.00, 1),
    (9,  'Chocolate Mousse',        'dessert',  9.50, 1),
    (10, 'Berry Pavlova',           'dessert', 10.00, 1),
    (11, 'Cheese Selection',        'dessert', 13.00, 1),
    (12, 'Espresso Affogato',       'dessert',  8.00, 1);

INSERT INTO orders (order_id, guest_id, dish_id, quantity, ordered_at) VALUES
    (1,  1,  1, 1, '2026-07-14 19:02:00'),
    (2,  1,  4, 1, '2026-07-14 19:24:00'),
    (3,  2,  2, 1, '2026-07-14 19:04:00'),
    (4,  2,  5, 1, '2026-07-14 19:27:00'),
    (5,  3,  3, 1, '2026-07-14 19:03:00'),
    (6,  3,  8, 1, '2026-07-14 19:25:00'),
    (7,  4,  6, 1, '2026-07-14 19:28:00'),
    (8,  5,  1, 1, '2026-07-14 19:05:00'),
    (9,  5,  4, 1, '2026-07-14 19:29:00'),
    (10, 6,  5, 1, '2026-07-14 19:30:00'),
    (11, 7,  3, 1, '2026-07-14 19:06:00'),
    (12, 7,  8, 1, '2026-07-14 19:31:00'),
    (13, 8,  6, 2, '2026-07-14 19:32:00'),
    (14, 9,  3, 1, '2026-07-14 19:07:00'),
    (15, 9,  4, 1, '2026-07-14 19:33:00'),
    (16, 10, 2, 1, '2026-07-14 19:08:00'),
    (17, 11, 1, 1, '2026-07-14 19:09:00'),
    (18, 11, 8, 1, '2026-07-14 19:34:00'),
    (19, 12, 5, 1, '2026-07-14 19:35:00'),
    (20, 13, 3, 2, '2026-07-14 19:10:00'),
    (21, 14, 6, 1, '2026-07-14 19:36:00'),
    (22, 15, 4, 1, '2026-07-14 19:37:00'),
    (23, 16, 2, 1, '2026-07-14 19:11:00'),
    (24, 17, 7, 2, '2026-07-14 19:38:00'),
    (25, 18, 5, 1, '2026-07-14 19:39:00'),
    (26, 19, 3, 1, '2026-07-14 19:12:00'),
    (27, 20, 6, 1, '2026-07-14 19:40:00'),
    (28, 1,  9, 1, '2026-07-14 20:05:00'),
    (29, 2, 12, 1, '2026-07-14 20:06:00'),
    (30, 3, 10, 1, '2026-07-14 20:07:00'),
    (31, 4, 11, 1, '2026-07-14 20:08:00'),
    (32, 5,  9, 1, '2026-07-14 20:09:00'),
    (33, 7, 10, 1, '2026-07-14 20:10:00'),
    (34, 15, 11, 1, '2026-07-14 20:11:00'),
    (35, 17, 10, 1, '2026-07-14 20:12:00');
